sequence_id	v_call	d_call	j_call	cdr3_aa	productive
SRR4026019:::145:0:0:0:;0.987914	IGHV3S1*01	IGHD2-13*01	IGHJ4*01	CASWGGDHPWDYW	true
SRR4026019:::24:0:0:0:;0.683585	IGHV5-17*01	IGHD2-4*01	IGHJ2*01	CATKAPLVPAAMIWYYFDYW	true
SRR4026019:::22:0:0:0:;0.657972	IGHV14-2*02	IGHD1-1*02	IGHJ1*01	CARHCGGSCRDAFDIW	true
SRR4026019:::8:0:0:0:;0.696880	IGHV3-1*02	IGHD6-1*01	IGHJ4*01	CAREWATTFDYW	true
SRR4026019:::195:0:0:0:;0.604664	IGHV5-17*01	IGHD1-1*01	IGHJ1*01	CAREGKPYYDGMDVW	true
SRR4026019:::204:0:0:0:;0.996711	IGHV5-6-5*01	IGHD2-2*01	IGHJ1*01		true
SRR4026019:::211:0:0:0:;0.987438	IGHV5-6-5*01	IGHD1-2*01	IGHJ1*01	CANSGRVDVAVAGTGLGVFDVW	true
SRR4026019:::218:0:0:0:;0.977793	IGHV5-17*01	IGHD4-1*01	IGHJ2*01	CARGTWILTAKILYYFDYW	true
SRR4026019:::40:0:0:0:;0.625474	IGHV1-74*01	IGHD1-1*01	IGHJ1*01	CARAGSGFLEWFQSPYYYYGMDVW	true
SRR4026019:::148:0:0:0:;0.915089	IGHV5-9*04	IGHD1-1*02	IGHJ1*01	CAKVRPITMVRGGSHPW	true
SRR4026019:::153:0:0:0:;0.997264	IGHV3-5*02	IGHD3-3*01	IGHJ4*01	CATTSPGGIQPDYW	true
SRR4026019:::154:0:0:0:;0.994180	IGHV5-17*01	IGHD6-2*01	IGHJ2*01	CARGRRYFDYW	true
SRR4026019:::158:0:0:0:;0.981506	IGHV1-63*01	IGHD3-1*01	IGHJ4*01		true
SRR4026019:::182:0:0:0:;0.986976	IGHV1-63*01	IGHD2-3*01	IGHJ2*01	CARPVGEMATAYFDYW	true
SRR4026019:::217:0:0:0:;0.989157	IGHV10-1*02	IGHD1-1*02	IGHJ1*01	CTRPFLYCSGGSCYGMDVW	true
SRR4026019:::206:0:0:0:;0.723318	IGHV5-6-3*01	IGHD2-3*01	IGHJ4*01	CAKDNHGYSYGRLDYW	true
SRR4026019:::196:0:0:0:;0.996905	IGHV1-72*04	IGHD1-3*01	IGHJ3*01	CARVPFSSSLRPAMGAFDIW	true
SRR4026019:::193:0:0:0:;0.944302	IGHV5-17*01	IGHD1-1*01	IGHJ2*01	CARDRCSSTSCPTNYFDYW	true
SRR4026019:::183:0:0:0:;0.941771	IGHV3S1*01	IGHD2-13*01	IGHJ1*01	CARGEVVPAAMVSFGWNRRLTGMDVW	true
SRR4026019:::87:0:0:0:;0.768804	IGHV5-17*01	IGHD6-1*01	IGHJ2*01	CAKGYSSGWSYFDYW	true
SRR4026019:::83:0:0:0:;0.975538	IGHV9-4*02	IGHD3-3*01	IGHJ1*01		true
SRR4026019:::92:0:0:0:;0.922410	IGHV1-79*01	IGHD1-1*01	IGHJ1*01	CARGGGDIVIVPAAKYYYYAMDVW	true
SRR4026019:::109:0:0:0:;0.997271	IGHV5-9-1*01	IGHD1-1*01	IGHJ1*03	CCSYAGSSTFTVF	true
SRR4026019:::111:0:0:0:;0.996557	IGHV1-60*01	IGHD3-2*01	IGHJ1*03	CQSADSSGTYVF	true
SRR4026019:::119:0:0:0:;0.929077	IGHV5-17*01	IGHD5-2*01	IGHJ2*01	CARNTPHMGFDYW	true
SRR4026019:::126:0:0:0:;0.997448	IGHV5-17*01	IGHD6-1*01	IGHJ2*01	CAKGYSSGWSYFDYW	true
SRR4026019:::39:0:0:0:;0.811682					false
SRR4026019:::41:0:0:0:;0.616818					false
SRR4026019:::42:0:0:0:;0.930192					false
SRR4026019:::43:0:0:0:;0.676936					false
SRR4026019:::44:0:0:0:;0.964683					false
SRR4026019:::45:0:0:0:;0.969203					false
SRR4026019:::46:0:0:0:;0.968119					false
SRR4026019:::47:0:0:0:;0.957412					false
SRR4026019:::48:0:0:0:;0.963524					false
SRR4026019:::52:0:0:0:;0.972348					false
SRR4026019:::75:0:0:0:;0.918307					false
SRR4026019:::130:0:0:0:;0.980297					false
SRR4026019:::141:0:0:0:;0.928088					false
SRR4026019:::143:0:0:0:;0.981820					false
SRR4026019:::147:0:0:0:;0.998271					false
SRR4026019:::149:0:0:0:;0.876096					false
SRR4026019:::168:0:0:0:;0.981664					false
SRR4026019:::14:0:0:0:;0.961943					false
SRR4026019:::9:0:0:0:;0.859404					false
SRR4026019:::7:0:0:0:;0.720727					false
SRR4026019:::5:0:0:0:;0.612120					false
SRR4026019:::169:0:0:0:;0.991252					false
SRR4026019:::175:0:0:0:;0.994921					false
SRR4026019:::181:0:0:0:;0.987772					false
SRR4026019:::180:0:0:0:;0.936680					false
SRR4026019:::184:0:0:0:;0.968259					false
SRR4026019:::190:0:0:0:;0.966950					false
SRR4026019:::199:0:0:0:;0.998104					false
SRR4026019:::209:0:0:0:;0.877443					false
SRR4026019:::214:0:0:0:;0.965730					false
SRR4026019:::216:0:0:0:;0.989045					false
SRR4026019:::210:0:0:0:;0.988903					false
SRR4026019:::32:0:0:0:;0.673776					false
SRR4026019:::29:0:0:0:;0.979049					false
SRR4026019:::37:0:0:0:;0.961809					false
SRR4026019:::49:0:0:0:;0.968191					false
SRR4026019:::62:0:0:0:;0.700773					false
SRR4026019:::65:0:0:0:;0.960856					false
SRR4026019:::76:0:0:0:;0.747293					false
SRR4026019:::25:0:0:0:;0.764177					false
SRR4026019:::142:0:0:0:;0.982749					false
SRR4026019:::144:0:0:0:;0.995050					false
SRR4026019:::151:0:0:0:;0.984078					false
SRR4026019:::152:0:0:0:;0.988333					false
SRR4026019:::156:0:0:0:;0.971642					false
SRR4026019:::177:0:0:0:;0.996527					false
SRR4026019:::179:0:0:0:;0.982219					false
SRR4026019:::188:0:0:0:;0.970740					false
SRR4026019:::192:0:0:0:;0.807773					false
SRR4026019:::197:0:0:0:;0.761653					false
SRR4026019:::203:0:0:0:;0.990920					false
SRR4026019:::208:0:0:0:;0.988021					false
SRR4026019:::212:0:0:0:;0.999034					false
SRR4026019:::213:0:0:0:;0.998105					false
SRR4026019:::215:0:0:0:;0.985111					false
SRR4026019:::207:0:0:0:;0.994871					false
SRR4026019:::205:0:0:0:;0.998226					false
SRR4026019:::201:0:0:0:;0.990042					false
SRR4026019:::200:0:0:0:;0.987800					false
SRR4026019:::189:0:0:0:;0.997564					false
SRR4026019:::186:0:0:0:;0.996828					false
SRR4026019:::67:0:0:0:;0.981138					false
SRR4026019:::78:0:0:0:;0.987542					false
SRR4026019:::82:0:0:0:;0.964637					false
SRR4026019:::85:0:0:0:;0.979360					false
SRR4026019:::89:0:0:0:;0.988652					false
SRR4026019:::93:0:0:0:;0.728328					false
SRR4026019:::94:0:0:0:;0.973708					false
SRR4026019:::113:0:0:0:;0.995370					false
SRR4026019:::115:0:0:0:;0.936461					false
SRR4026019:::117:0:0:0:;0.995899					false
SRR4026019:::121:0:0:0:;0.985676					false
SRR4026019:::123:0:0:0:;0.978204					false
SRR4026019:::124:0:0:0:;0.985950					false
